TEAM_ID,TEAM_NAME,GP,W,L,W_PCT,MIN,E_OFF_RATING,OFF_RATING,E_DEF_RATING,DEF_RATING,E_NET_RATING,NET_RATING,AST_PCT,AST_TO,AST_RATIO,OREB_PCT,DREB_PCT,REB_PCT,TM_TOV_PCT,EFG_PCT,TS_PCT,E_PACE,PACE,PACE_PER40,POSS,PIE,GP_RANK,W_RANK,L_RANK,W_PCT_RANK,MIN_RANK,OFF_RATING_RANK,DEF_RATING_RANK,NET_RATING_RANK,AST_PCT_RANK,AST_TO_RANK,AST_RATIO_RANK,OREB_PCT_RANK,DREB_PCT_RANK,REB_PCT_RANK,TM_TOV_PCT_RANK,EFG_PCT_RANK,TS_PCT_RANK,PACE_RANK,PIE_RANK
1610612737,Atlanta Hawks,82,53,29,0.646,3971.0,108.9,111.0,104.0,106.0,4.9,4.9,0.562,1.83,17.1,0.32,0.685,0.502,0.13,0.506,0.545,92.5,90.77,75.64,7515,0.523,1,6,6,6,10,2,14,5,16,1,9,3,28,14,1,11,14,27,12
1610612738,Boston Celtics,82,50,32,0.61,3956.0,105.4,106.9,101.1,103.2,4.3,3.7,0.635,1.58,18.5,0.274,0.697,0.493,0.16,0.522,0.564,93.8,92.22,76.85,7609,0.54,1,9,9,9,17,15,5,9,2,10,2,27,18,24,27,5,6,24,4
1610612766,Charlotte Bobcats,82,44,38,0.537,3976.0,101.5,103.9,100.2,102.0,1.3,1.9,0.58,1.29,16.1,0.315,0.698,0.51,0.172,0.49,0.538,92.8,90.91,75.75,7519,0.518,1,15,15,15,5,24,2,15,7,27,19,7,14,9,30,24,17,26,14
1610612741,Chicago Bulls,82,41,41,0.5,3981.0,100.8,102.6,102.6,104.2,-1.8,-1.6,0.553,1.45,16.0,0.303,0.709,0.509,0.151,0.477,0.52,95.5,94.02,78.35,7794,0.5,1,17,17,17,2,27,11,18,18,17,21,17,6,11,15,28,26,12,15
1610612739,Cleveland Cavaliers,82,61,21,0.744,3956.0,108.8,110.6,101.5,103.8,7.3,6.8,0.592,1.61,17.7,0.293,0.725,0.519,0.15,0.532,0.57,93.5,91.77,76.48,7573,0.552,1,1,1,1,17,5,8,2,5,8,4,21,3,3,14,3,3,25,1
1610612742,Dallas Mavericks,82,55,27,0.671,3976.0,107.1,107.8,103.2,105.0,4.0,2.8,0.611,1.81,18.0,0.279,0.697,0.493,0.137,0.506,0.552,94.8,93.6,78.0,7757,0.534,1,4,4,4,5,10,12,12,3,2,3,26,16,25,2,13,10,15,6
1610612743,Denver Nuggets,82,53,29,0.646,3956.0,108.7,110.8,104.7,106.5,4.0,4.4,0.55,1.51,16.1,0.304,0.687,0.498,0.144,0.509,0.561,97.3,95.61,79.68,7876,0.524,1,6,6,6,17,3,16,8,20,15,20,16,26,21,9,10,7,5,11
1610612765,Detroit Pistons,82,27,55,0.329,3956.0,102.4,104.5,108.9,110.3,-6.5,-5.9,0.541,1.45,15.5,0.346,0.697,0.51,0.149,0.474,0.515,91.0,89.46,74.55,7379,0.448,1,24,24,24,17,21,26,27,23,18,24,2,15,8,13,29,29,29,28
1610612744,Golden State Warriors,82,26,56,0.317,3946.0,105.4,107.0,109.4,110.3,-3.9,-3.3,0.552,1.53,16.5,0.254,0.659,0.453,0.144,0.514,0.557,102.7,101.52,84.6,8338,0.47,1,26,26,26,26,14,28,22,19,14,13,30,30,30,10,8,8,1,24
1610612745,Houston Rockets,82,42,40,0.512,3981.0,104.5,106.8,105.5,106.8,-1.0,0.0,0.579,1.51,16.5,0.309,0.699,0.498,0.151,0.494,0.537,96.5,94.91,79.1,7857,0.489,1,16,16,16,2,16,17,16,8,16,14,13,12,22,16,20,18,7,17
1610612754,Indiana Pacers,82,32,50,0.39,3941.0,101.3,103.0,104.2,106.0,-2.9,-3.0,0.573,1.4,16.1,0.255,0.69,0.473,0.154,0.491,0.536,99.4,97.77,81.48,8024,0.476,1,21,21,21,29,26,13,21,10,22,18,29,25,29,19,23,20,2,22
1610612746,Los Angeles Clippers,82,29,53,0.354,3941.0,100.9,102.3,107.1,109.1,-6.3,-6.8,0.603,1.41,17.1,0.305,0.697,0.5,0.168,0.491,0.529,95.0,93.44,77.86,7670,0.465,1,22,22,22,29,28,25,28,4,21,10,15,17,18,29,21,23,17,26
1610612747,Los Angeles Lakers,82,57,25,0.695,3966.0,105.9,107.6,101.1,102.7,4.9,4.9,0.55,1.58,16.2,0.314,0.708,0.512,0.141,0.496,0.538,95.2,93.73,78.11,7749,0.529,1,3,3,3,12,11,3,6,21,12,17,9,7,5,5,15,16,14,9
1610612763,Memphis Grizzlies,82,40,42,0.488,3981.0,104.8,107.5,107.6,109.0,-2.9,-1.5,0.479,1.24,14.4,0.355,0.698,0.523,0.16,0.494,0.536,96.1,94.29,78.58,7816,0.486,1,18,18,18,2,12,22,17,30,29,30,1,13,1,25,18,21,10,19
1610612748,Miami Heat,82,47,35,0.573,3976.0,104.5,105.7,100.9,103.4,3.6,2.4,0.519,1.43,15.4,0.294,0.701,0.5,0.144,0.496,0.537,91.9,90.3,75.25,7485,0.522,1,13,13,13,5,19,6,13,28,20,26,20,10,19,8,16,19,28,13
1610612749,Milwaukee Bucks,82,46,36,0.561,3996.0,102.0,104.0,100.9,101.9,1.0,2.1,0.57,1.6,16.4,0.298,0.726,0.501,0.141,0.482,0.518,94.0,92.6,77.17,7698,0.495,1,14,14,14,1,23,1,14,12,9,16,19,1,16,4,25,28,20,16
1610612750,Minnesota Timberwolves,82,15,67,0.183,3956.0,98.9,100.6,109.3,110.4,-10.4,-9.8,0.524,1.22,15.0,0.308,0.705,0.501,0.167,0.478,0.518,98.5,97.12,80.94,8002,0.432,1,29,29,29,17,29,29,30,27,30,28,14,8,17,28,27,27,3,29
1610612751,New Jersey Nets,82,12,70,0.146,3956.0,98.1,99.3,108.0,108.9,-10.0,-9.6,0.547,1.3,15.1,0.285,0.686,0.478,0.155,0.458,0.509,93.6,92.65,77.2,7628,0.429,1,30,30,30,17,30,21,29,22,26,27,23,27,27,20,30,30,19,30
1610612740,New Orleans Hornets,82,37,45,0.451,3966.0,105.1,106.5,107.3,108.9,-2.3,-2.4,0.575,1.66,17.3,0.282,0.696,0.486,0.143,0.506,0.543,94.8,93.53,77.94,7721,0.484,1,20,20,20,12,17,19,20,9,4,7,24,19,26,7,12,15,16,20
1610612752,New York Knicks,82,29,53,0.354,3976.0,105.2,106.4,109.1,110.3,-4.0,-4.0,0.567,1.54,16.6,0.268,0.691,0.476,0.146,0.509,0.547,96.1,95.03,79.2,7872,0.474,1,22,22,22,5,18,27,23,13,13,11,28,23,28,11,9,13,6,23
1610612760,Oklahoma City Thunder,82,50,32,0.61,3961.0,105.8,107.0,101.6,103.5,4.1,3.5,0.535,1.34,15.5,0.32,0.694,0.511,0.158,0.494,0.547,95.6,94.13,78.44,7774,0.532,1,9,9,9,15,13,7,10,25,25,25,4,20,7,23,19,12,11,8
1610612753,Orlando Magic,82,59,23,0.72,3946.0,109.5,110.7,100.2,102.8,9.3,7.9,0.537,1.4,15.8,0.28,0.726,0.512,0.152,0.536,0.573,94.2,92.54,77.12,7614,0.551,1,2,2,2,26,4,4,1,24,23,22,25,2,6,17,2,2,22,2
1610612755,Philadelphia 76ers,82,27,55,0.329,3961.0,103.4,104.8,107.6,108.9,-4.2,-4.1,0.558,1.45,16.4,0.31,0.693,0.498,0.156,0.496,0.534,93.9,92.72,77.26,7648,0.478,1,24,24,24,15,20,20,24,17,19,15,12,21,20,21,17,22,18,21
1610612756,Phoenix Suns,82,54,28,0.659,3946.0,112.7,113.9,106.9,109.1,5.8,4.8,0.573,1.58,17.5,0.311,0.673,0.503,0.152,0.546,0.585,97.9,96.43,80.36,7937,0.536,1,5,5,5,26,1,24,7,11,11,5,11,29,13,18,1,1,4,5
1610612757,Portland Trail Blazers,82,50,32,0.61,3971.0,108.0,109.6,104.0,106.1,4.1,3.5,0.563,1.65,16.6,0.32,0.702,0.51,0.138,0.499,0.547,90.2,88.64,73.87,7339,0.525,1,9,9,9,10,8,15,11,15,5,12,5,9,10,3,14,11,30,10
1610612758,Sacramento Kings,82,25,57,0.305,3976.0,102.4,104.4,107.2,109.1,-4.8,-4.7,0.534,1.37,15.7,0.315,0.7,0.504,0.156,0.491,0.528,96.5,94.78,78.98,7855,0.467,1,28,28,28,5,22,23,25,26,24,23,8,11,12,22,22,24,8,25
1610612759,San Antonio Spurs,82,50,32,0.61,3956.0,107.2,109.3,102.0,103.9,5.2,5.4,0.581,1.64,17.4,0.303,0.72,0.515,0.147,0.515,0.552,94.0,92.26,76.88,7605,0.532,1,9,9,9,17,9,9,4,6,7,6,18,4,4,12,7,9,23,7
1610612761,Toronto Raptors,82,40,42,0.488,3956.0,108.6,110.2,110.2,112.2,-1.6,-2.0,0.564,1.64,17.1,0.288,0.692,0.495,0.142,0.521,0.564,95.4,93.94,78.29,7746,0.489,1,18,18,18,17,6,30,19,14,6,8,22,22,23,6,6,5,13,18
1610612762,Utah Jazz,82,53,29,0.646,3951.0,107.8,109.7,102.9,104.0,4.8,5.7,0.678,1.76,19.8,0.313,0.718,0.52,0.16,0.524,0.565,96.0,94.68,78.9,7791,0.55,1,6,6,6,25,7,10,3,1,3,1,10,5,2,26,4,4,9,3
1610612764,Washington Wizards,82,26,56,0.317,3966.0,101.4,103.1,106.7,108.3,-5.4,-5.3,0.518,1.28,15.0,0.317,0.691,0.501,0.159,0.481,0.524,94.1,92.6,77.17,7656,0.462,1,26,26,26,12,25,18,26,29,28,29,6,24,15,24,26,25,21,27
